Club,Profile URL,Name,Date of birth,Place of birth,Age,Height,Nationality,Position,Market value,Contract until,Homepage,,Name in native country,Foot,Debut (Club),Contract option
FC Twente,https://www.soccerdonna.de/en/diede-lemey/profil/spieler_17132.html,16 Diede Lemey,07.10.1996,Tielt,28,"1,69",Belgium,Goalkeeper,25.000 €,30.06.2026,www.instagram.com/diedelemey/,,,,,
FC Twente,https://www.soccerdonna.de/en/fiene-bussman/profil/spieler_58886.html,22 Fiene Bussman,06.12.2004,Winterswijk,20,,Netherlands,Goalkeeper,10.000 €,30.06.2026,,19.06.2025,,,,
FC Twente,https://www.soccerdonna.de/en/maud-koster/profil/spieler_104613.html,Maud Koster,02.02.2008,,17,,Netherlands,Defence,10.000 €,30.06.2028,,,,,,
FC Twente,https://www.soccerdonna.de/en/merel-bormans/profil/spieler_41737.html,Merel Bormans,09.07.1999,Esch,26,"1,68",Netherlands,Defence - Centre Back,15.000 €,?,www.instagram.com/merelbormans/,26.06.2025,Merel Maria Aloyse Antoinne Bormans,left,31.08.2024,
FC Twente,https://www.soccerdonna.de/en/lieske-carleer/profil/spieler_35133.html,4 Lieske Carleer,16.04.2001,Winterswijk,24,"1,75",Netherlands,Defence,30.000 €,30.06.2025,www.instagram.com/lieskecarleer/,,,,04.02.2024,
FC Twente,https://www.soccerdonna.de/en/anna-knol/profil/spieler_34075.html,5 Anna Knol,13.06.2001,Nibbixwoud,24,,Netherlands,Defence,30.000 €,30.06.2026,www.instagram.com/annaknol21/,,Anna Vera Knol,,31.08.2024,
FC Twente,https://www.soccerdonna.de/en/alieke-tuin/profil/spieler_50389.html,11 Alieke Tuin,24.01.2001,Winsum,24,,Netherlands,Defence,30.000 €,30.06.2026,,,,left,31.08.2024,
FC Twente,https://www.soccerdonna.de/en/leonie-vliek/profil/spieler_38394.html,12 Leonie Vliek,03.01.2000,Zwolle,25,,Netherlands,Defence,30.000 €,30.06.2025,,,,,02.09.2023,
FC Twente,https://www.soccerdonna.de/en/jill-roord/profil/spieler_20273.html,Jill Roord,22.04.1997,Oldenzaal,28,"1,75",Netherlands,Midfield - Attacking Midfield,340.000 €,30.06.2028,www.instagram.com/jillroord/,,Jill Jamie Roord,right,08.08.2013,
FC Twente,https://www.soccerdonna.de/en/lynn-groenewegen/profil/spieler_59345.html,6 Lynn Groenewegen,17.11.2003,Delft,21,"1,63",Netherlands,Midfield,30.000 €,30.06.2027,www.instagram.com/lynn.groenewegen/,,,right,18.01.2025,
FC Twente,https://www.soccerdonna.de/en/danique-van-ginkel/profil/spieler_35153.html,8 Danique van Ginkel,25.04.2001,Achterveld,24,,Netherlands,Midfield - Defensive Midfield,30.000 €,30.06.2027,www.instagram.com/ginkeldaniquevanfan/,08.04.2025,,,18.08.2022,
FC Twente,https://www.soccerdonna.de/en/jill-diekman/profil/spieler_43005.html,15 Jill Diekman,15.09.2003,Raalte,21,,Netherlands,Midfield,15.000 €,30.06.2026,,,Jill Ilse Diekman,,06.09.2023,
FC Twente,https://www.soccerdonna.de/en/amanda-andradottir/profil/spieler_47063.html,17 Amanda Andradóttir,18.12.2003,Molde,21,"1,72",Iceland Norway,Midfield - Attacking Midfield,45.000 €,30.06.2026,www.instagram.com/amandaandradottir/,,Amanda Jacobsen Andradóttir,,31.08.2024,
FC Twente,https://www.soccerdonna.de/en/sophie-te-brake/profil/spieler_61777.html,18 Sophie te Brake,25.02.2003,Groenlo,22,,Netherlands,Midfield,28.000 €,30.06.2026,www.instagram.com/sophietebrake/,25.04.2024,Sophie Anna Maria te Brake,,01.10.2021,
FC Twente,https://www.soccerdonna.de/en/sophie-proost/profil/spieler_74030.html,19 Sophie Proost,11.03.2007,Hilversum,18,,Netherlands,Midfield,20.000 €,30.06.2027,www.instagram.com/soofproost/,,,,07.09.2024,
FC Twente,https://www.soccerdonna.de/en/suus-verdaasdonk/profil/spieler_76670.html,23 Suus Verdaasdonk,15.03.2006,Eibergen,19,,Netherlands,Midfield,10.000 €,30.06.2026,,,,,02.09.2023,
FC Twente,https://www.soccerdonna.de/en/imre-van-der-vegt/profil/spieler_42520.html,25 Imre van der Vegt,25.11.2001,Raalte,23,,Netherlands,Midfield,15.000 €,30.06.2027,www.instagram.com/imrevdv/,20.06.2025,,,22.12.2024,
FC Twente,https://www.soccerdonna.de/en/charlotte-hulst/profil/spieler_51138.html,7 Charlotte Hulst,22.04.2003,Beverwijk,22,"1,76",Netherlands,Striker - Centre Forward,30.000 €,30.06.2026,www.instagram.com/charlottehulst_/,,Charlotte Tamar Hulst,left,31.08.2024,
FC Twente,https://www.soccerdonna.de/en/jaimy-ravensbergen/profil/spieler_40050.html,9 Jaimy Ravensbergen,19.03.2001,Leiden,24,,Netherlands,Striker,40.000 €,30.06.2027,www.instagram.com/jaimyravensbergen/,15.04.2025,,right,01.05.2024,
FC Twente,https://www.soccerdonna.de/en/nikee-van-dijk/profil/spieler_47238.html,20 Nikée van Dijk,24.06.2003,Arnhem,22,"1,76",Netherlands,Striker - Centre Forward,40.000 €,30.06.2026,www.instagram.com/nikeevdijk/,,Nikée Dianá van Dijk,right,31.08.2024,
FC Twente,https://www.soccerdonna.de/en/eva-oude-elberink/profil/spieler_76669.html,21 Eva Oude Elberink,13.04.2006,Oldenzaal,19,"1,80",Netherlands,Striker,15.000 €,30.06.2028,,20.05.2025,Eva Elisabeth Geertruida Oude Elberink,,11.12.2022,
FC Twente,https://www.soccerdonna.de/en/daniela-galic/profil/spieler_75485.html,24 Daniela Galić,17.06.2006,Sydney,19,"1,67",Australia Croatia,Striker - Attacking Midfield,15.000 €,30.06.2026,www.instagram.com/daniela_galic/,,,,04.09.2024,
FC Twente,https://www.soccerdonna.de/en/rose-ivens/profil/spieler_74034.html,29 Rose Ivens,21.12.2007,Twello,17,,Netherlands,Striker,25.000 €,30.06.2027,,,,,31.08.2024,
AFC Ajax,https://www.soccerdonna.de/en/regina-van-eijk/profil/spieler_53391.html,1 Regina van Eijk,09.03.2002,Woerden,23,,Netherlands,Goalkeeper,50.000 €,30.06.2027,www.instagram.com/reginaveijk/,30.07.2024,Regina Maria Juliana van Eijk,right,08.10.2021,
AFC Ajax,https://www.soccerdonna.de/en/lois-ninhuis/profil/spieler_34024.html,13 Lois Niënhuis,04.02.2001,Winterswijk,24,,Netherlands,Goalkeeper,15.000 €,30.06.2026,www.instagram.com/loisnienhuis_/,20.06.2025,,,03.02.2024,
AFC Ajax,https://www.soccerdonna.de/en/danae-van-der-vliet/profil/spieler_73857.html,30 Danae van der Vliet,06.02.2007,,18,,Netherlands,Goalkeeper,15.000 €,30.06.2029,www.instagram.com/danae.vdvliet/,11.02.2025,,,,
AFC Ajax,https://www.soccerdonna.de/en/dionne-van-der-wal/profil/spieler_43083.html,31 Dionne van der Wal,21.03.2003,,22,,Netherlands,Goalkeeper,10.000 €,30.06.2025,www.instagram.com/dionne_vd_wal/,,,,22.05.2023,
AFC Ajax,https://www.soccerdonna.de/en/danille-noordermeer/profil/spieler_38515.html,Daniëlle Noordermeer,11.05.1999,Rotterdam,26,,Netherlands,Defence - Centre Back,20.000 €,30.06.2027,,,,,,
AFC Ajax,https://www.soccerdonna.de/en/renee-van-asten/profil/spieler_74012.html,Renee van Asten,07.10.2006,,18,,Netherlands,Defence,unknown,30.06.2027,,,Renee Margaretha Oda van Asten,,,
AFC Ajax,https://www.soccerdonna.de/en/roos-van-der-veen/profil/spieler_35150.html,3 Roos van der Veen,30.10.2001,,23,"1,81",Netherlands,Defence,25.000 €,30.06.2025,,09.09.2024,Roos Janine van der Veen,right,25.10.2022,
AFC Ajax,https://www.soccerdonna.de/en/deau-den-turk/profil/spieler_62808.html,4 Deau den Turk,30.03.2005,Leidschenveen,20,,Netherlands,Defence,15.000 €,30.06.2026,,13.06.2025,,,31.08.2024,
AFC Ajax,https://www.soccerdonna.de/en/sherida-spitse/profil/spieler_1838.html,8 Sherida Spitse,29.05.1990,Sneek,35,"1,66",Netherlands,Defence - Centre Back,25.000 €,30.06.2027,www.instagram.com/sheridaspitse/,17.06.2025,Sherida Spitse,right,29.01.2021,
AFC Ajax,https://www.soccerdonna.de/en/daliyah-de-klonia/profil/spieler_62805.html,24 Daliyah de Klonia,18.03.2005,Amsterdam,20,,Netherlands Morocco,Defence,45.000 €,30.06.2027,www.instagram.com/daliyahdeklonia_/,10.09.2024,,,11.10.2023,
AFC Ajax,https://www.soccerdonna.de/en/mirte-van-koppen/profil/spieler_74013.html,Mirte van Koppen,13.04.2006,,19,,Netherlands,Midfield,10.000 €,30.06.2027,,,,,31.08.2024,
AFC Ajax,https://www.soccerdonna.de/en/nurija-van-schoonhoven/profil/spieler_29982.html,Nurija van Schoonhoven,08.02.1998,Ulyanovsk,27,,Netherlands,Midfield,30.000 €,30.06.2028,www.instagram.com/inurija/,,,,,
AFC Ajax,https://www.soccerdonna.de/en/louise-van-oosten/profil/spieler_55348.html,Louise van Oosten,02.07.2004,,21,"1,74",Netherlands,Midfield,20.000 €,30.06.2028,,,Louise Gudula Margaretha van Oosten,,,
AFC Ajax,https://www.soccerdonna.de/en/isa-colin/profil/spieler_58115.html,Isa Colin,21.09.2004,Beverwijk,20,,Netherlands,Midfield,20.000 €,30.06.2028,,,,,,
AFC Ajax,https://www.soccerdonna.de/en/jonna-van-de-velde/profil/spieler_35148.html,6 Jonna van de Velde,04.11.2001,Noordwijkerhout,23,,Netherlands,Midfield,40.000 €,30.06.2027,www.instagram.com/jonnavandevelde/,14.02.2025,,,19.10.2018,
AFC Ajax,https://www.soccerdonna.de/en/jade-van-hensbergen/profil/spieler_74018.html,12 Jade van Hensbergen,18.04.2006,Beverwijk,19,,Netherlands,Midfield,20.000 €,30.06.2029,www.instagram.com/jade.vanhensbergen/,15.04.2025,Jade Vienna van Hensbergen,,31.08.2024,
AFC Ajax,https://www.soccerdonna.de/en/inessa-kaagman/profil/spieler_21784.html,15 Inessa Kaagman,17.04.1996,Hoorn,29,"1,70",Netherlands,Midfield,15.000 €,30.06.2025,www.instagram.com/inessakaagman/,,,both,30.08.2013,
AFC Ajax,https://www.soccerdonna.de/en/danique-noordman/profil/spieler_47248.html,16 Danique Noordman,21.02.2004,Zwolle,21,"1,68",Netherlands,Midfield - Central Midfield,45.000 €,30.06.2026,,,Danique Maria Noordman,,02.09.2023,
AFC Ajax,https://www.soccerdonna.de/en/quinty-sabajo/profil/spieler_35776.html,22 Quinty Sabajo,01.08.1999,Maarssen,25,,Netherlands,Midfield - Attacking Midfield,35.000 €,30.06.2025,www.instagram.com/quintysabajo_/,,,,06.09.2020,
AFC Ajax,https://www.soccerdonna.de/en/nayomi-buikema/profil/spieler_55519.html,27 Nayomi Buikema,05.05.2004,Niekerk,21,"1,64",Netherlands,Midfield,30.000 €,30.06.2027,,,Nayomi Kira Alessandra Buikema,,01.03.2025,
AFC Ajax,https://www.soccerdonna.de/en/jolle-smits/profil/spieler_34030.html,Joëlle Smits,07.02.2000,’s-Hertogenbosch,25,"1,69",Netherlands,Striker,45.000 €,30.06.2027,www.instagram.com/joellesmits,,,right,,
AFC Ajax,https://www.soccerdonna.de/en/xanne-kip/profil/spieler_81788.html,Xanne Kip,30.03.2006,,19,,Netherlands,Striker,unknown,30.06.2028,,,Xanne Hendrikje Paulina Kip,,,
AFC Ajax,https://www.soccerdonna.de/en/ranneke-derks/profil/spieler_86954.html,Ranneke Derks,29.04.2008,,17,,Netherlands,Striker,20.000 €,30.06.2028,,,Ranneke Johanna Elisabeth Derks,right,,
AFC Ajax,https://www.soccerdonna.de/en/bo-van-egmond/profil/spieler_77702.html,7 Bo van Egmond,13.11.2006,,18,"1,75",Netherlands,Striker,40.000 €,30.06.2029,,21.01.2025,Bo Tess van Egmond,,26.01.2025,
AFC Ajax,https://www.soccerdonna.de/en/danique-tolhoek/profil/spieler_63443.html,9 Danique Tolhoek,17.03.2005,Kapelle,20,,Netherlands,Striker - Centre Forward,80.000 €,30.06.2027,www.instagram.com/daniquetolhoek/,10.09.2024,,right,02.09.2023,
AFC Ajax,https://www.soccerdonna.de/en/bente-jansen/profil/spieler_31209.html,17 Bente Jansen,28.08.1999,Raalte,25,,Netherlands,Striker - Right Wing,30.000 €,30.06.2025,www.instagram.com/bente__jansen/,09.09.2024,Bente Mayra Jansen,,02.09.2023,
AFC Ajax,https://www.soccerdonna.de/en/lotte-keukelaar/profil/spieler_62810.html,23 Lotte Keukelaar,25.09.2005,Vleuten,19,,Netherlands,Striker - Right Wing,50.000 €,30.06.2027,www.instagram.com/lottekeukelaar/,18.09.2024,Lotte Jasmijn Keukelaar,,15.09.2023,
PSV Eindhoven,https://www.soccerdonna.de/en/nicky-evrard/profil/spieler_20696.html,1 Nicky Evrard,26.05.1995,Zottegem,30,"1,76",Belgium,Goalkeeper,60.000 €,30.06.2026,www.instagram.com/nickyevrard/,,Nicky Evrard,left,28.09.2024,
PSV Eindhoven,https://www.soccerdonna.de/en/lisan-alkemade/profil/spieler_38417.html,16 Lisan Alkemade,23.07.2002,Lisse,22,"1,69",Netherlands,Goalkeeper,15.000 €,30.06.2027,www.instagram.com/lisan.alkemade/,04.07.2025,Lisan Afra Dimphina Alkemade,right,02.04.2021,
PSV Eindhoven,https://www.soccerdonna.de/en/moon-esteves/profil/spieler_29984.html,26 Moon Esteves,03.10.2000,Doetinchem,24,,Netherlands,Goalkeeper,10.000 €,30.06.2025,www.instagram.com/moon.pondes/,18.01.2024,Moon Biegel Pondes,,21.01.2024,
PSV Eindhoven,https://www.soccerdonna.de/en/louize-haentjens/profil/spieler_86158.html,Louize Haentjens,27.07.2008,,16,,Belgium,Defence,unknown,30.06.2028,,,,,,
PSV Eindhoven,https://www.soccerdonna.de/en/anissa-chibani/profil/spieler_74014.html,Anissa Chibani,11.04.2006,Breda,19,,Netherlands,Defence,15.000 €,30.06.2028,,22.05.2025,,,18.01.2025,
PSV Eindhoven,https://www.soccerdonna.de/en/aniek-nouwen/profil/spieler_33793.html,Aniek Nouwen,09.03.1999,Helmond,26,"1,76",Netherlands,Defence - Centre Back,60.000 €,30.06.2028,www.instagram.com/anieknouwen/,,,right,07.09.2018,
PSV Eindhoven,https://www.soccerdonna.de/en/sara-thrige/profil/spieler_27089.html,2 Sara Thrige,15.05.1996,Farsø,29,"1,67",Denmark,"Defence - Fullback, right",45.000 €,30.06.2027,www.instagram.com/sarathrige/,12.12.2024,Sara Gedsted Thrige Andersen,right,28.01.2024,
PSV Eindhoven,https://www.soccerdonna.de/en/gwyneth-hendriks/profil/spieler_35139.html,3 Gwyneth Hendriks,04.03.2001,Amsterdam,24,,Netherlands,Defence,40.000 €,30.06.2028,www.instagram.com/gwynethhendrik,15.03.2024,,,16.09.2022,
PSV Eindhoven,https://www.soccerdonna.de/en/melanie-bross/profil/spieler_33697.html,5 Melanie Bross,21.04.1997,Heesch,28,,Netherlands,Defence,35.000 €,30.06.2027,www.instagram.com/melaniebross/,19.12.2024,Melanie Gerdina Ida Bross,,13.08.2020,
PSV Eindhoven,https://www.soccerdonna.de/en/myrthe-kemper-moorrees/profil/spieler_9242.html,23 Myrthe Kemper-Moorrees,12.12.1994,Venray,30,,Netherlands,Defence,25.000 €,30.06.2026,www.instagram.com/myrthemoorrees/,,Myrthe Moorrees,right,28.02.2014,
PSV Eindhoven,https://www.soccerdonna.de/en/emma-frijns/profil/spieler_63442.html,25 Emma Frijns,25.02.2005,Uden,20,"1,70",Netherlands,Defence,20.000 €,30.06.2027,www.instagram.com/emma.frijns/,,Emma Eliza Frijns,,29.05.2022,
PSV Eindhoven,https://www.soccerdonna.de/en/riola-xhemaili/profil/spieler_39480.html,Riola Xhemaili,05.03.2003,Solothurn,22,"1,72",Switzerland Kosovo,Midfield - Attacking Midfield,60.000 €,?,www.instagram.com/riola.xh/,,Riola Xhemaili,right,28.09.2024,
PSV Eindhoven,https://www.soccerdonna.de/en/sisca-folkertsma/profil/spieler_21037.html,6 Sisca Folkertsma,21.05.1997,Sloten,28,"1,71",Netherlands,Midfield,45.000 €,30.06.2027,www.instagram.com/siscafolkertsma/,,Sippie Catharine Folkertsma,right,21.08.2015,
PSV Eindhoven,https://www.soccerdonna.de/en/chimera-ripa/profil/spieler_40048.html,10 Chimera Ripa,16.12.2001,Amsterdam,23,,Netherlands,Midfield - Central Midfield,50.000 €,30.06.2028,,30.04.2024,,,16.09.2022,
PSV Eindhoven,https://www.soccerdonna.de/en/laura-strik/profil/spieler_15185.html,14 Laura Strik,27.06.1996,Oss,29,,Netherlands,Midfield,15.000 €,30.06.2026,www.instagram.com/Lauraaatjes/,13.12.2023,,,23.05.2014,
PSV Eindhoven,https://www.soccerdonna.de/en/nina-nijstad/profil/spieler_55520.html,20 Nina Nijstad,05.03.2003,Leeuwarden,22,"1,74",Netherlands,Midfield - Central Midfield,45.000 €,30.06.2028,www.instagram.com/ninanijstad/,10.04.2024,Nina Iyobosa Nekpen Nijstad,,09.09.2023,
PSV Eindhoven,https://www.soccerdonna.de/en/robine-lacroix/profil/spieler_62811.html,21 Robine Lacroix,02.06.2005,Valkenswaard,20,"1,66",Netherlands,Midfield,20.000 €,30.06.2026,www.instagram.com/robine.lacroix/,25.04.2024,Robine Lacroix,,01.05.2024,
PSV Eindhoven,https://www.soccerdonna.de/en/emmeke-henschen/profil/spieler_40386.html,24 Emmeke Henschen,26.04.2003,Alkmaar,22,,Netherlands,Midfield,15.000 €,30.06.2025,www.instagram.com/emmekehenschen,,,,27.11.2022,
PSV Eindhoven,https://www.soccerdonna.de/en/liz-rijsbergen/profil/spieler_50264.html,Liz Rijsbergen,14.02.2002,Leiderdorp,23,"1,74",Netherlands,Striker,15.000 €,30.06.2028,,,,right,,
PSV Eindhoven,https://www.soccerdonna.de/en/renate-jansen/profil/spieler_2703.html,11 Renate Jansen,07.12.1990,Abbenes,34,"1,66",Netherlands,Striker - Left Wing,20.000 €,30.06.2026,www.instagram.com/renatejansen11/,08.05.2023,Renate Jansen,right,28.09.2024,
PSV Eindhoven,https://www.soccerdonna.de/en/lore-jacobs/profil/spieler_58035.html,17 Lore Jacobs,27.04.2005,Denderhoutem,20,"1,74",Belgium,Striker - Centre Forward,25.000 €,30.06.2027,www.instagram.com/_lorejacobs_/,23.05.2023,Lore Jacobs,right,28.09.2024,
PSV Eindhoven,https://www.soccerdonna.de/en/fenna-kalma/profil/spieler_35781.html,29 Fenna Kalma,21.11.1999,Haskerhorne,25,"1,80",Netherlands,Striker - Centre Forward,55.000 €,30.06.2028,www.instagram.com/fennakalma/,,Feikje Anna Kalma,right,01.02.2025,
Feyenoord,https://www.soccerdonna.de/en/claire-dinkla/profil/spieler_35128.html,Claire Dinkla,22.06.2002,,23,"1,70",Netherlands,Goalkeeper,25.000 €,30.06.2026,www.instagram.com/clairedinkla/,,,,,
Feyenoord,https://www.soccerdonna.de/en/jacintha-weimar/profil/spieler_30596.html,1 Jacintha Weimar,11.06.1998,Eindhoven,27,"1,79",Netherlands Suriname,Goalkeeper,35.000 €,30.06.2026,www.instagram.com/jacinthaweimar/,22.12.2023,Jacintha Anouchka Weimar,right,29.08.2021,
Feyenoord,https://www.soccerdonna.de/en/roos-van-eijk/profil/spieler_59385.html,16 Roos van Eijk,15.10.2005,Bergen,19,,Netherlands,Goalkeeper,10.000 €,30.06.2025,,,,,,
Feyenoord,https://www.soccerdonna.de/en/oliwia-szymczak/profil/spieler_55171.html,20 Oliwia Szymczak,20.07.2003,,21,,Poland,Goalkeeper,15.000 €,,www.instagram.com/oliwia_szymczak_/,,,,10.09.2023,
Feyenoord,https://www.soccerdonna.de/en/amber-verspaget/profil/spieler_38273.html,4 Amber Verspaget,26.01.1998,Eindhoven,27,,Netherlands,Defence - Centre Back,18.000 €,30.06.2026,www.instagram.com/amberverspage,24.04.2024,,,16.09.2022,
Feyenoord,https://www.soccerdonna.de/en/celainy-obispo/profil/spieler_38517.html,5 Celainy Obispo,05.10.2000,,24,,Curacao Netherlands,Defence,25.000 €,30.06.2026,www.instagram.com/_celainy/,19.04.2024,,,29.08.2021,
Feyenoord,https://www.soccerdonna.de/en/justine-brandau/profil/spieler_38413.html,6 Justine Brandau,09.07.2002,Blaricum,23,,Netherlands,Defence,28.000 €,30.06.2026,www.instagram.com/justinebrandau/,15.05.2024,,both,29.08.2021,
Feyenoord,https://www.soccerdonna.de/en/emma-pijnenburg/profil/spieler_75619.html,8 Emma Pijnenburg,13.09.2004,,20,"1,63",New Zealand Netherlands,"Defence - Fullback, left",15.000 €,30.06.2026,www.instagram.com/emma.pijnenburg/,,Emma Sheela Pijnenburg,,16.02.2024,
Feyenoord,https://www.soccerdonna.de/en/lucy-heij/profil/spieler_90592.html,18 Lucy Heij,15.05.2006,Bergambacht,19,,Netherlands,Defence,10.000 €,30.06.2026,,04.06.2025,,,27.01.2024,
Feyenoord,https://www.soccerdonna.de/en/bridget-jno-baptiste/profil/spieler_83908.html,24 Bridget Jno Baptiste,23.05.2005,Sint-Maarten,20,,Netherlands,Defence,10.000 €,30.06.2026,www.instagram.com/bridgetjnobapt,31.05.2023,Bridget Jno Baptiste,,26.02.2023,
Feyenoord,https://www.soccerdonna.de/en/sanne-de-paus/profil/spieler_100890.html,26 Sanne de Paus,26.12.2004,,20,,Netherlands,Defence,10.000 €,?,www.instagram.com/sannedepaus_/,,,,,
Feyenoord,https://www.soccerdonna.de/en/eva-van-deursen/profil/spieler_35775.html,Eva van Deursen,21.01.1999,Veldhoven,26,"1,68",Netherlands,Midfield - Central Midfield,35.000 €,?,www.instagram.com/eva_vandeursen/,,Eva van Deursen,right,,
Feyenoord,https://www.soccerdonna.de/en/jarne-teulings/profil/spieler_40673.html,7 Jarne Teulings,11.01.2002,,23,"1,68",Belgium,Midfield - Attacking Midfield,40.000 €,30.06.2026,www.instagram.com/jarneteulings/,,Jarne Teulings,right,29.09.2024,
Feyenoord,https://www.soccerdonna.de/en/sanne-koopman/profil/spieler_38283.html,9 Sanne Koopman,15.11.2002,,22,"1,69",Netherlands,Midfield,28.000 €,30.06.2026,,17.05.2024,,,16.09.2022,
Feyenoord,https://www.soccerdonna.de/en/kirsten-van-de-westeringh/profil/spieler_35149.html,10 Kirsten van de Westeringh,06.06.2001,Zeewolde,24,,Netherlands,Midfield - Attacking Midfield,18.000 €,30.06.2026,www.instagram.com/kirstenvdweste,22.05.2025,,both,10.09.2023,
Feyenoord,https://www.soccerdonna.de/en/ziva-henry/profil/spieler_57162.html,11 Ziva Henry,31.05.2004,Amsterdam,21,"1,63",Netherlands,Midfield,15.000 €,,,,Ziva Caroline Henry,,10.09.2023,
Feyenoord,https://www.soccerdonna.de/en/tess-van-bentem/profil/spieler_47240.html,21 Tess van Bentem,03.03.2003,Marknesse,22,"1,63",Netherlands,Midfield,28.000 €,30.06.2027,www.instagram.com/tessvbentem,23.05.2025,,right,10.09.2023,
Feyenoord,https://www.soccerdonna.de/en/talia-dellaperuta/profil/spieler_37835.html,27 Talia DellaPeruta,19.04.2002,Bitburg,23,"1,65",Italy United States,Midfield,35.000 €,30.06.2026,www.instagram.com/taliadellaperuta/,,Talia Victoria DellaPeruta,,,
Feyenoord,https://www.soccerdonna.de/en/fleur-stoit/profil/spieler_64873.html,Fleur Stoit,09.01.2004,Utrecht,21,"1,63",Netherlands,Striker,25.000 €,?,www.instagram.com/fleurstoit/,,Fleur Jansje Margaretha Stoit,right,,
Feyenoord,https://www.soccerdonna.de/en/dechamaily-lont/profil/spieler_74029.html,Dechamaily Lont,07.04.2007,,18,,Netherlands,Striker,15.000 €,?,,,,,09.12.2023,
Feyenoord,https://www.soccerdonna.de/en/esmee-de-graaf/profil/spieler_20581.html,14 Esmee de Graaf,02.08.1997,Baarn,27,,Netherlands,Striker,45.000 €,30.06.2027,www.instagram.com/esmeedegraaf97,16.05.2025,,right,16.09.2022,
Feyenoord,https://www.soccerdonna.de/en/nolle-van-der-sluijs/profil/spieler_90595.html,17 Noëlle van der Sluijs,07.09.2005,,19,"1,64",Netherlands,Striker,18.000 €,30.06.2027,,30.05.2025,Noëlle Romée van der Sluijs,,17.09.2023,
Feyenoord,https://www.soccerdonna.de/en/summer-haesakkers/profil/spieler_95878.html,19 Summer Haesakkers,07.01.2006,Fijnaart,19,,Netherlands,Striker,10.000 €,?,www.instagram.com/summer.haesakkers/,,Summer Jade Haesakkers,,31.01.2024,
Feyenoord,https://www.soccerdonna.de/en/mao-itamura/profil/spieler_79099.html,23 Mao Itamura,06.08.2006,"---, Hiroshima",18,"1,60",Japan,Striker,15.000 €,30.06.2027,,,板村 真央,right,25.01.2025,
Feyenoord,https://www.soccerdonna.de/en/romee-van-de-lavoir/profil/spieler_62526.html,25 Romeé van de Lavoir,22.12.2002,,22,,Netherlands,Striker,35.000 €,30.06.2027,,02.06.2025,,,29.08.2021,
Feyenoord,https://www.soccerdonna.de/en/zera-hulswit/profil/spieler_40370.html,28 Zera Hulswit,29.04.2003,Stampersgat,22,"1,65",Netherlands,Striker,18.000 €,30.06.2027,,,,right,08.02.2025,
Feyenoord,https://www.soccerdonna.de/en/ella-van-kerkhoven/profil/spieler_14539.html,33 Ella van Kerkhoven,20.11.1993,Leuven,31,"1,75",Belgium,Striker - Centre Forward,35.000 €,30.06.2025,www.instagram.com/ellavankerkhoven/,,Ella Van Kerkhoven,,10.02.2024,
Feyenoord,https://www.soccerdonna.de/en/esther-buabadi/profil/spieler_39897.html,42 Esther Buabadi,18.11.2001,,23,"1,58",Belgium,Striker,20.000 €,30.06.2026,www.instagram.com/estherbuabadi/,16.05.2023,Hembi Esther Buabadi Lobo Schicko,,29.09.2024,
AZ Alkmaar,https://www.soccerdonna.de/en/febe-copier/profil/spieler_83404.html,13 Febe Copier,10.07.2006,Doorn,19,"1,81",Netherlands,Goalkeeper,10.000 €,30.06.2027,www.instagram.com/febecopier/,,Febe Copier,,,
AZ Alkmaar,https://www.soccerdonna.de/en/netty-booms/profil/spieler_77700.html,16 Netty Booms,25.10.2006,Alkmaar,18,"1,80",Netherlands,Goalkeeper,15.000 €,30.06.2027,,04.03.2024,Trinette Booms,,25.04.2024,
AZ Alkmaar,https://www.soccerdonna.de/en/ginia-caprino/profil/spieler_45217.html,2 Ginia Caprino,26.04.2003,Zaandam,22,,Netherlands,Defence - Centre Back,23.000 €,30.06.2025,,,,,08.09.2023,
AZ Alkmaar,https://www.soccerdonna.de/en/djoeke-de-ridder/profil/spieler_70571.html,3 Djoeke de Ridder,21.08.2005,Castricum,19,"1,71",Netherlands,Defence - Centre Back,15.000 €,30.06.2027,,10.10.2024,Djoeke de Ridder,,15.09.2023,
AZ Alkmaar,https://www.soccerdonna.de/en/karlijn-woons/profil/spieler_67612.html,4 Karlijn Woons,13.07.2005,Amsterdam,19,,Netherlands,Defence - Centre Back,25.000 €,30.06.2025,www.instagram.com/karlijnwoons/,,Karlijn Liesbeth Woons,,08.09.2023,
AZ Alkmaar,https://www.soccerdonna.de/en/camie-mol/profil/spieler_58111.html,5 Camie Mol,15.05.2002,Hengelo,23,,Netherlands,"Defence - Fullback, left",20.000 €,30.06.2025,,,,,15.09.2023,
AZ Alkmaar,https://www.soccerdonna.de/en/robin-blom/profil/spieler_81326.html,12 Robin Blom,15.11.2005,Amsterdam,19,,Netherlands,Defence,10.000 €,30.06.2025,www.instagram.com/robinblomx/,,,,08.09.2023,
AZ Alkmaar,https://www.soccerdonna.de/en/pleun-groot/profil/spieler_90569.html,15 Pleun Groot,19.09.2006,Alkmaar,18,,Netherlands,Defence,23.000 €,30.06.2027,,21.01.2025,Pleun Madelief Groot,,08.09.2023,
AZ Alkmaar,https://www.soccerdonna.de/en/maudy-stoop/profil/spieler_55507.html,23 Maudy Stoop,09.01.2004,Noord-Scharwoude,21,,Netherlands,Defence - Centre Back,25.000 €,30.06.2027,,27.04.2025,,,08.09.2023,
AZ Alkmaar,https://www.soccerdonna.de/en/jet-van-beijeren/profil/spieler_64479.html,Jet van Beijeren,30.10.2004,Leeuwarden,20,"1,78",Netherlands,Midfield,25.000 €,30.06.2027,,22.07.2024,Jet Anne van Beijeren,,,
AZ Alkmaar,https://www.soccerdonna.de/en/manique-de-vette/profil/spieler_40385.html,8 Manique de Vette,02.04.2002,Rotterdam,23,,Netherlands,Midfield,20.000 €,30.06.2027,,01.04.2025,,,01.10.2023,
AZ Alkmaar,https://www.soccerdonna.de/en/desiree-van-lunteren/profil/spieler_2727.html,10 Desiree van Lunteren,30.12.1992,Almere,32,"1,70",Netherlands,Midfield,25.000 €,30.06.2026,,20.12.2024,,right,07.10.2009,
AZ Alkmaar,https://www.soccerdonna.de/en/bo-op-de-weegh/profil/spieler_62802.html,14 Bo op de Weegh,09.02.2005,Amsterdam,20,,Netherlands,Midfield,15.000 €,30.06.2027,www.instagram.com/bo_opdeweegh/,14.05.2025,Bo Anna op de Weegh,,08.09.2023,
AZ Alkmaar,https://www.soccerdonna.de/en/mirte-van-bentum/profil/spieler_90570.html,20 Mirte Van Bentum,20.12.2006,Anna Paulowna,18,,Netherlands,Midfield,18.000 €,30.06.2027,,,,,15.09.2023,
AZ Alkmaar,https://www.soccerdonna.de/en/jasmijn-van-uden/profil/spieler_77703.html,21 Jasmijn van Uden,22.01.2006,Zaandam,19,,Netherlands,Midfield,20.000 €,30.06.2026,,,,,29.09.2024,
AZ Alkmaar,https://www.soccerdonna.de/en/kealyn-thomas/profil/spieler_62813.html,22 Kealyn Thomas,27.07.2005,Eindhoven,19,"1,65",Netherlands,Midfield,20.000 €,30.06.2026,www.instagram.com/kealyn.thomas/,,Kealyn Manou Sigrid Thomas,,06.10.2024,
AZ Alkmaar,https://www.soccerdonna.de/en/shanique-dessing/profil/spieler_33572.html,Shanique Dessing,31.12.2000,Delft,24,,Netherlands,Striker,20.000 €,?,,,,,,
AZ Alkmaar,https://www.soccerdonna.de/en/sabrine-ellouzi/profil/spieler_29811.html,Sabrine Ellouzi,28.06.1997,Hengelo,28,"1,63",Tunisia Netherlands,Striker - Right Wing,25.000 €,?,www.instagram.com/sabrineellouzi/,10.05.2024,صابرين اللوزي,right,,
AZ Alkmaar,https://www.soccerdonna.de/en/floor-spaan/profil/spieler_78673.html,9 Floor Spaan,10.05.2003,Broek in Waterland,22,,Netherlands,Striker,23.000 €,30.06.2026,www.instagram.com/floor_spaan/,16.06.2025,Floor Jolijn Spaan,,08.09.2023,
AZ Alkmaar,https://www.soccerdonna.de/en/fieke-kroese/profil/spieler_55920.html,11 Fieke Kroese,07.02.2005,Losser,20,"1,76",Netherlands,Striker,23.000 €,30.06.2026,www.instagram.com/fiekekroese/,,Fieke Elisabeth Kroese,,12.10.2024,
AZ Alkmaar,https://www.soccerdonna.de/en/romaissa-boukakar/profil/spieler_90568.html,18 Romaissa Boukakar,24.12.2005,Delft,19,"1,53",Morocco Netherlands,Striker,20.000 €,30.06.2025,,08.05.2024,Romaissa Boukakar,,08.09.2023,
sc Heerenveen,https://www.soccerdonna.de/en/jasmijn-resink/profil/spieler_62454.html,1 Jasmijn Resink,04.12.2001,Amersfoort,23,,Netherlands,Goalkeeper,25.000 €,30.06.2025,www.instagram.com/jasmijn_resink/,07.06.2024,,right,16.09.2022,
sc Heerenveen,https://www.soccerdonna.de/en/ilse-van-rheenen/profil/spieler_68646.html,13 Ilse van Rheenen,05.01.2005,,20,,Netherlands,Goalkeeper,10.000 €,30.06.2025,www.instagram.com/ilse_vanrheenen/,22.05.2024,,,,
sc Heerenveen,https://www.soccerdonna.de/en/marjolein-smit/profil/spieler_92464.html,Marjolein Smit,16.08.2006,,18,,Netherlands,Defence,unknown,30.06.2026,,,,,17.03.2024,
sc Heerenveen,https://www.soccerdonna.de/en/fenna-meijer/profil/spieler_47246.html,3 Fenna Meijer,07.02.2003,Sneek,22,"1,72",Netherlands,Defence,25.000 €,30.06.2026,,19.06.2025,,,03.09.2021,
sc Heerenveen,https://www.soccerdonna.de/en/eef-smits/profil/spieler_61826.html,4 Eef Smits,05.02.2004,,21,"1,72",Netherlands,Defence,25.000 €,30.06.2025,,,Eef Marit Jette Smits,,13.10.2024,
sc Heerenveen,https://www.soccerdonna.de/en/iris-teijema/profil/spieler_70519.html,5 Iris Teijema,02.11.2004,Donkerbroek,20,,Netherlands,Defence,20.000 €,30.06.2025,,07.06.2024,,,04.03.2022,
sc Heerenveen,https://www.soccerdonna.de/en/indy-appelman/profil/spieler_90034.html,12 Indy Appelman,30.07.2005,,19,,Netherlands,Defence - Centre Back,15.000 €,?,,,,,28.09.2024,
sc Heerenveen,https://www.soccerdonna.de/en/elize-van-vilsteren/profil/spieler_68556.html,14 Elize van Vilsteren,22.04.2005,Waskemeer,20,,Netherlands,Defence,20.000 €,30.06.2025,,07.06.2024,,,04.03.2022,
sc Heerenveen,https://www.soccerdonna.de/en/helena-macleane/profil/spieler_96765.html,15 Helena Macleane,11.07.2006,,19,,Netherlands,Defence,15.000 €,30.06.2026,,18.06.2025,,,19.01.2025,
sc Heerenveen,https://www.soccerdonna.de/en/bernice-thurkow/profil/spieler_78796.html,22 Bernice Thurkow,13.09.2006,Heerenveen,18,,Netherlands,Defence,10.000 €,30.06.2025,,10.07.2024,,,27.01.2023,
sc Heerenveen,https://www.soccerdonna.de/en/marit-speek/profil/spieler_100141.html,25 Marit Speek,10.09.2005,,19,,Netherlands,Defence,10.000 €,?,www.instagram.com/marit.speek/,,,,,
sc Heerenveen,https://www.soccerdonna.de/en/sterre-kroezen/profil/spieler_54877.html,Sterre Kroezen,29.06.2005,Almelo,20,,Netherlands,Midfield,18.000 €,30.06.2026,www.instagram.com/sterre_kroezen/,,Sterre Gerdie Kroezen,right,,
sc Heerenveen,https://www.soccerdonna.de/en/dewi-snippe/profil/spieler_73911.html,Dewi Snippe,05.05.2003,Westerhaar-Vriezenveensewijk,22,,Netherlands,Midfield,unknown,?,,17.06.2025,,,16.09.2022,
sc Heerenveen,https://www.soccerdonna.de/en/bente-vermeer/profil/spieler_84079.html,Bente Vermeer,05.02.2006,,19,,Netherlands,Midfield,10.000 €,30.06.2026,,,,,,
sc Heerenveen,https://www.soccerdonna.de/en/roos-de-haas/profil/spieler_78308.html,8 Roos de Haas,08.05.2005,Groningen,20,,Netherlands,Midfield,10.000 €,30.06.2026,www.instagram.com/roosdehaas/,17.06.2025,,,16.09.2022,
sc Heerenveen,https://www.soccerdonna.de/en/ana-nassette/profil/spieler_47247.html,16 Ana Nassette,26.09.2003,Istmina,21,,Netherlands Colombia,Midfield,15.000 €,30.06.2025,www.instagram.com/a.nassette/,07.06.2024,Ana Luisa Carolina Nassette Meijerink,,15.09.2023,
sc Heerenveen,https://www.soccerdonna.de/en/eef-kerkhof/profil/spieler_42601.html,18 Eef Kerkhof,18.06.2001,Mill,24,"1,65",Netherlands,Midfield,25.000 €,30.06.2025,,,,,06.09.2020,
sc Heerenveen,https://www.soccerdonna.de/en/elfi-maass/profil/spieler_45219.html,21 Elfi Maass,29.03.2003,Amsterdam,22,,Netherlands,Midfield,25.000 €,30.06.2025,www.instagram.com/elfi.maass/,,,,28.09.2024,
sc Heerenveen,https://www.soccerdonna.de/en/hester-algra/profil/spieler_83318.html,23 Hester Algra,02.08.2007,,17,,Netherlands,Midfield,18.000 €,?,,17.06.2024,,,15.09.2023,
sc Heerenveen,https://www.soccerdonna.de/en/sanne-van-der-velden/profil/spieler_27904.html,32 Sanne van der Velden,08.02.1998,Zuidhorn,27,,Netherlands,Midfield,10.000 €,30.06.2025,,22.05.2024,,,31.01.2024,
sc Heerenveen,https://www.soccerdonna.de/en/evi-maatman/profil/spieler_51503.html,9 Evi Maatman,30.01.2003,,22,,Netherlands,Striker,28.000 €,?,,,,,28.09.2024,
sc Heerenveen,https://www.soccerdonna.de/en/britt-udink/profil/spieler_59266.html,17 Britt Udink,16.10.2002,Roden,22,,Netherlands,Striker,18.000 €,30.06.2026,,17.06.2025,,,28.09.2024,
sc Heerenveen,https://www.soccerdonna.de/en/silje-stockmar/profil/spieler_42287.html,20 Silje Stockmar,01.04.2004,,21,,Denmark,Striker,23.000 €,30.06.2025,,,Silje Lang Stockmar,,28.09.2024,
sc Heerenveen,https://www.soccerdonna.de/en/demi-werther/profil/spieler_70573.html,24 Demi Werther,21.08.2005,Groningen,19,,Netherlands,Striker,15.000 €,30.06.2025,,07.06.2024,,,02.10.2022,
sc Heerenveen,https://www.soccerdonna.de/en/aymee-altena/profil/spieler_99804.html,39 Aymee Altena,24.11.2008,Sneek,16,,Netherlands,Striker,20.000 €,30.06.2027,,07.02.2025,,,24.11.2024,
FC Utrecht,https://www.soccerdonna.de/en/femke-bastiaen/profil/spieler_39895.html,1 Femke Bastiaen,11.04.2001,Waregem,24,,Belgium,Goalkeeper,30.000 €,30.06.2026,www.instagram.com/femke_bastiaen/,,Femke Sabrina Bastiaen,,28.09.2024,
FC Utrecht,https://www.soccerdonna.de/en/puck-louwes/profil/spieler_78156.html,16 Puck Louwes,27.06.1997,Gorinchem,28,"1,85",Netherlands Canada,Goalkeeper,10.000 €,30.06.2025,www.instagram.com/plouwes/,,,,01.10.2023,
FC Utrecht,https://www.soccerdonna.de/en/lois-de-heus/profil/spieler_96118.html,32 Loïs de Heus,03.05.2006,,19,,Netherlands,Goalkeeper,10.000 €,30.06.2026,www.instagram.com/loisdeheus_/,30.06.2025,,,,
FC Utrecht,https://www.soccerdonna.de/en/amber-visscher/profil/spieler_84428.html,5 Amber Visscher,02.03.2002,Zeewolde,23,,Netherlands,"Defence - Fullback, left",23.000 €,30.06.2025,www.instagram.com/ambervisscher/,29.02.2024,,,10.09.2023,
FC Utrecht,https://www.soccerdonna.de/en/lena-mahieu/profil/spieler_64872.html,15 Lena Mahieu,14.03.2004,Tilburg,21,,Netherlands,Defence,25.000 €,30.06.2026,,15.05.2025,,,10.09.2023,
FC Utrecht,https://www.soccerdonna.de/en/joni-paliama/profil/spieler_62801.html,21 Joni Paliama,24.04.2004,Almere,21,,Netherlands Indonesia,Defence,25.000 €,30.06.2026,www.instagram.com/jonipaliama/,30.06.2025,Joni Jofinah Disja Paliama,,27.01.2024,
FC Utrecht,https://www.soccerdonna.de/en/gera-op-den-kelder/profil/spieler_87208.html,28 Gera op den Kelder,14.01.1995,Delft,30,,Netherlands,Defence,23.000 €,30.06.2025,,16.05.2024,,,10.09.2023,
FC Utrecht,https://www.soccerdonna.de/en/kyra-koopman/profil/spieler_87624.html,50 Kyra Koopman,29.03.2007,,18,,Netherlands,Defence,25.000 €,30.06.2025,,,Kyra Ching Koopman,,28.09.2024,
FC Utrecht,https://www.soccerdonna.de/en/marthe-munsterman/profil/spieler_4715.html,6 Marthe Munsterman,19.02.1993,Hengelo,32,"1,65",Netherlands,Midfield,20.000 €,30.06.2025,www.instagram.com/marthemunsterman/,,Marthe-Emilie Munsterman,right,10.09.2023,
FC Utrecht,https://www.soccerdonna.de/en/maxime-snellenberg/profil/spieler_47237.html,10 Maxime Snellenberg,18.08.2003,Helmond,21,,Netherlands,Midfield,30.000 €,30.06.2025,www.instagram.com/maximesnellenberg/,,,right,28.09.2024,
FC Utrecht,https://www.soccerdonna.de/en/dieke-van-straten/profil/spieler_40387.html,23 Dieke van Straten,07.10.2003,Oirschot,21,,Netherlands,Midfield,28.000 €,30.06.2025,,27.02.2024,Dieke Henrica Gerdina Catharin van Straten,,10.09.2023,
FC Utrecht,https://www.soccerdonna.de/en/nikita-tromp/profil/spieler_35146.html,9 Nikita Tromp,08.05.2002,Beverwijk,23,,Netherlands Indonesia,Striker,30.000 €,30.06.2025,www.instagram.com/nikitatromp/,,Nikita Rudy Tromp,right,05.10.2024,
FC Utrecht,https://www.soccerdonna.de/en/sam-de-jong/profil/spieler_92527.html,11 Sam de Jong,11.08.2001,Utrecht,23,,Netherlands,Striker,15.000 €,30.06.2026,,30.06.2025,,,20.10.2023,
FC Utrecht,https://www.soccerdonna.de/en/elisha-kruize/profil/spieler_47236.html,17 Elisha Kruize,12.04.2003,Almere,22,,Netherlands,Striker,35.000 €,30.06.2025,,,,,10.09.2023,
FC Utrecht,https://www.soccerdonna.de/en/tami-groenendijk/profil/spieler_84408.html,18 Tami Groenendijk,31.12.2000,Woerden,24,,Netherlands,Striker,18.000 €,30.06.2025,www.instagram.com/tamigroenendijk/,05.06.2024,,,10.09.2023,
FC Utrecht,https://www.soccerdonna.de/en/lobke-loonen/profil/spieler_38420.html,19 Lobke Loonen,14.09.2002,Heesch,22,"1,79",Netherlands,Striker - Centre Forward,25.000 €,30.06.2026,www.instagram.com/lobkeloonen/,,Lobke Bloeme Loonen,right,09.02.2025,
FC Utrecht,https://www.soccerdonna.de/en/lotje-de-keijzer/profil/spieler_38397.html,20 Lotje de Keijzer,24.06.2002,Leusden,23,,Netherlands,Striker,30.000 €,30.06.2025,,,Lot Annemarie de Keijzer,,10.09.2023,
Telstar,https://www.soccerdonna.de/en/kelly-steen/profil/spieler_20539.html,1 Kelly Steen,04.02.1997,Haarlem,28,,Netherlands,Goalkeeper,20.000 €,30.06.2026,www.instagram.com/kelly_steen/,13.05.2024,,,18.09.2022,
Telstar,https://www.soccerdonna.de/en/mei-wei-rispens/profil/spieler_63501.html,16 Mei Wei Rispens,03.06.2004,"Yangjiang, Guangdong",21,,Netherlands China,Goalkeeper,10.000 €,30.06.2025,www.instagram.com/meiwei.rispens,23.08.2024,Mei Wei Yang Rispens,,21.01.2024,
Telstar,https://www.soccerdonna.de/en/puck-donker/profil/spieler_40049.html,2 Puck Donker,11.08.2000,Wormerveer,24,,Netherlands,Defence - Centre Back,20.000 €,30.06.2025,,26.05.2023,,,18.09.2022,
Telstar,https://www.soccerdonna.de/en/felice-hermans/profil/spieler_73849.html,3 Felice Hermans,24.07.1996,Amsterdam,28,,Netherlands,Defence,10.000 €,?,www.instagram.com/felicehermans/,,,,18.09.2022,
Telstar,https://www.soccerdonna.de/en/akari-takeshige/profil/spieler_57676.html,4 Akari Takeshige,15.01.2003,"---, Aichi",22,"1,72",Japan,Defence - Centre Back,20.000 €,30.06.2026,instagram.com/akari_takeshige_0115,,竹重 杏歌理,right,28.09.2024,
Telstar,https://www.soccerdonna.de/en/nikki-ridder/profil/spieler_29980.html,5 Nikki Ridder,06.04.1999,Dordrecht,26,,Netherlands,"Defence - Fullback, right",20.000 €,30.06.2025,www.instagram.com/nikkiweeda/,27.09.2024,,,09.09.2023,
Telstar,https://www.soccerdonna.de/en/kim-remijnse/profil/spieler_73632.html,6 Kim Remijnse,11.04.1998,Kapelle,27,,Netherlands,Defence - Central Midfield,10.000 €,30.06.2025,www.instagram.com/kremijnse/,27.09.2024,,,09.09.2023,
Telstar,https://www.soccerdonna.de/en/pauline-van-de-pol/profil/spieler_78364.html,12 Pauline van de Pol,12.03.2003,,22,,Indonesia Netherlands,Defence,18.000 €,30.06.2025,www.instagram.com/pauline.vdp/,27.09.2024,,,02.12.2022,
Telstar,https://www.soccerdonna.de/en/esmee-daalman/profil/spieler_83198.html,15 Esmeé Daalman,30.06.2005,Hillegom,20,,Netherlands,Defence,15.000 €,?,www.instagram.com/esmee.daalman/,,Esmeé Beaudine Sabine Daalman,left,21.01.2024,
Telstar,https://www.soccerdonna.de/en/joy-vader/profil/spieler_78363.html,18 Joy Vader,31.10.2005,IJmuiden,19,,Netherlands,Defence,15.000 €,?,,,,,18.09.2022,
Telstar,https://www.soccerdonna.de/en/tess-tiebie/profil/spieler_78362.html,20 Tess Tiebie,13.05.2006,,19,,Netherlands,Defence,15.000 €,?,,,,,01.05.2024,
Telstar,https://www.soccerdonna.de/en/soraya-verhoeve/profil/spieler_20586.html,7 Soraya Verhoeve,28.12.1997,Amsterdam,27,,Aruba Netherlands,"Midfield - Fullback, left",15.000 €,?,www.instagram.com/sorayaverhoeve/,,,,03.11.2024,
Telstar,https://www.soccerdonna.de/en/isa-gomez/profil/spieler_73841.html,8 Isa Gomez,30.01.2002,,23,,Netherlands,Midfield - Attacking Midfield,15.000 €,,,14.06.2023,,,21.10.2022,
Telstar,https://www.soccerdonna.de/en/chinatsu-kira/profil/spieler_12701.html,10 Chinatsu Kira,05.07.1991,"Usuki, Ōita",34,"1,62",Japan,Midfield,20.000 €,,www.instagram.com/kira_chinatsu/,,吉良 知夏,right,09.09.2023,
Telstar,https://www.soccerdonna.de/en/yesmin-khanchouch/profil/spieler_105879.html,22 Yesmin Khanchouch,18.02.2006,,19,,Tunisia Netherlands,Midfield,10.000 €,,,,,,15.12.2024,
Telstar,https://www.soccerdonna.de/en/anna-van-der-vlist/profil/spieler_73839.html,23 Anna van der Vlist,22.08.2002,Haarlem,22,,Ghana Netherlands,Midfield,15.000 €,30.06.2025,www.instagram.com/anna_vlist/,10.06.2024,Anna Maria Adua Van Der Vlist,,30.09.2022,
Telstar,https://www.soccerdonna.de/en/jannette-van-belen/profil/spieler_42875.html,9 Jannette van Belen,28.05.1998,Leiden,27,,Netherlands,Striker,20.000 €,30.06.2025,www.instagram.com/jannettevb/,27.09.2024,,,09.09.2023,
Telstar,https://www.soccerdonna.de/en/samya-hassani/profil/spieler_42522.html,11 Samya Hassani,03.01.2000,Amsterdam,25,"1,60",Morocco Netherlands,"Striker - Midfield, right",18.000 €,?,,,ساميا حسني,,18.09.2022,
Telstar,https://www.soccerdonna.de/en/sydney-blomquist/profil/spieler_34452.html,13 Sydney Blomquist,31.08.1993,"Baltimore, Maryland",31,"1,70",United States Canada,Striker,15.000 €,?,,,Sydney Anne Blomquist,right,03.11.2024,
Telstar,https://www.soccerdonna.de/en/isabelle-nottet/profil/spieler_58182.html,14 Isabelle Nottet,06.03.2003,Uithoorn,22,,Netherlands Indonesia,Striker,18.000 €,30.06.2025,www.instagram.com/isabellenottet/,23.08.2024,,left,09.09.2023,
Telstar,https://www.soccerdonna.de/en/mila-lagcher/profil/spieler_78359.html,17 Mila Lagcher,06.01.2004,Amsterdam,21,,Netherlands,Striker,18.000 €,30.06.2025,www.instagram.com/milalagcher/,27.09.2024,06.01.2004,,18.09.2022,
Telstar,https://www.soccerdonna.de/en/lieke-vis/profil/spieler_78365.html,19 Lieke Vis,08.10.2003,Haarlem,21,,Netherlands,Striker,15.000 €,30.06.2025,,27.09.2024,,,30.09.2022,
Telstar,https://www.soccerdonna.de/en/nicci-berrevoets/profil/spieler_79929.html,21 Nicci Berrevoets,07.11.2005,Haarlem,19,,Netherlands Indonesia,Striker,20.000 €,,,,Nicci Vanity Berrevoets,left,25.10.2022,
PEC Zwolle,https://www.soccerdonna.de/en/noa-tissingh/profil/spieler_73852.html,Noa Tissingh,11.05.2007,,18,,Netherlands,Goalkeeper,10.000 €,30.06.2026,,,,,,
PEC Zwolle,https://www.soccerdonna.de/en/jasmijn-dijsselhof/profil/spieler_86595.html,2 Jasmijn Dijsselhof,30.06.2001,Hattem,24,,Netherlands,Defence,20.000 €,30.06.2026,www.instagram.com/jasmijndijsselhof/,26.04.2024,,,08.09.2023,
PEC Zwolle,https://www.soccerdonna.de/en/maud-rutgers/profil/spieler_62806.html,3 Maud Rutgers,24.08.2005,,19,,Netherlands,Defence,20.000 €,30.06.2025,,,Maud Louise Corinne Rutgers,,23.10.2022,
PEC Zwolle,https://www.soccerdonna.de/en/mayke-lindner/profil/spieler_47245.html,4 Mayke Lindner,13.11.2003,Zevenaar,21,,Netherlands,Defence - Centre Back,15.000 €,30.06.2025,www.instagram.com/maykelindner/,10.05.2024,Mayke Lindner,,03.09.2021,
PEC Zwolle,https://www.soccerdonna.de/en/kely-pruim/profil/spieler_38395.html,6 Kely Pruim,17.04.2000,Dalfsen,25,,Netherlands,Defence,20.000 €,30.06.2025,,11.06.2024,,,07.09.2018,
PEC Zwolle,https://www.soccerdonna.de/en/inske-weiman/profil/spieler_78557.html,23 Inske Weiman,23.08.2006,Lienden,18,"1,70",Netherlands,Defence,20.000 €,30.06.2026,,10.05.2024,Christina Cornelia Inske Weiman,,04.11.2022,
PEC Zwolle,https://www.soccerdonna.de/en/sanne-davelaar/profil/spieler_90588.html,25 Sanne Davelaar,29.07.2005,Achterveld,19,,Netherlands,Defence,10.000 €,30.06.2026,,,,,30.09.2023,
PEC Zwolle,https://www.soccerdonna.de/en/judith-roosjen/profil/spieler_50388.html,Judith Roosjen,10.05.2002,Groningen,23,,Netherlands,Midfield,15.000 €,?,www.instagram.com/judithroosjen_/,07.03.2024,,,,
PEC Zwolle,https://www.soccerdonna.de/en/ilvy-zijp/profil/spieler_55509.html,Ilvy Zijp,23.01.2004,Akersloot,21,,Netherlands,Midfield,15.000 €,?,www.instagram.com/ilvy_zijp/,,,,,
PEC Zwolle,https://www.soccerdonna.de/en/ilse-kemper/profil/spieler_72609.html,8 Ilse Kemper,20.06.2006,,19,"1,70",Netherlands,Midfield,18.000 €,,,,Ilse Anne Wil Kemper,,23.09.2022,
PEC Zwolle,https://www.soccerdonna.de/en/sophie-van-vugt/profil/spieler_79399.html,15 Sophie van Vugt,24.04.2006,,19,,Netherlands,Midfield,20.000 €,30.06.2026,,,,,16.10.2022,
PEC Zwolle,https://www.soccerdonna.de/en/iris-stiekema/profil/spieler_38415.html,20 Iris Stiekema,30.03.2002,Emmen,23,,Netherlands,Midfield,10.000 €,?,,,,,19.04.2025,
PEC Zwolle,https://www.soccerdonna.de/en/senne-van-de-velde/profil/spieler_62814.html,24 Senne van de Velde,24.06.2005,Hilversum,20,,Netherlands,Midfield,20.000 €,30.06.2026,www.instagram.com/sennevdvelde/,,,,08.05.2022,
PEC Zwolle,https://www.soccerdonna.de/en/lyanne-iedema/profil/spieler_74009.html,Lyanne Iedema,23.12.2006,,18,,Netherlands,Striker,25.000 €,?,,,Lyanne Baukje Iedema,,,
PEC Zwolle,https://www.soccerdonna.de/en/zo-zuidberg/profil/spieler_83322.html,11 Zoë Zuidberg,29.03.2007,,18,"1,75",Netherlands,Striker,25.000 €,30.06.2027,www.instagram.com/zoezuidberg/,,Zoë Zuidberg,,08.09.2023,
PEC Zwolle,https://www.soccerdonna.de/en/hanna-huizenga/profil/spieler_63441.html,13 Hanna Huizenga,04.07.2005,Hoogezand,20,,Netherlands,Striker,25.000 €,30.06.2026,www.instagram.com/hannahuizenga/,,Hanna Grietje Huizenga,,29.09.2024,
PEC Zwolle,https://www.soccerdonna.de/en/jeva-walk/profil/spieler_62459.html,14 Jeva Walk,18.01.2004,Nijmegen,21,"1,65",Netherlands,Striker,15.000 €,30.06.2025,,06.06.2024,Jeva Maria Walk,,27.08.2021,
PEC Zwolle,https://www.soccerdonna.de/en/hanna-stallmann/profil/spieler_108028.html,40 Hanna Stallmann,-,,-,,Netherlands,Striker,unknown,,,,,,30.03.2025,
Excelsior Rotterdam,https://www.soccerdonna.de/en/anouk-van-der-klooster/profil/spieler_42014.html,1 Anouk van der Klooster,14.04.2001,Arnemuiden,24,"1,63",Netherlands,Goalkeeper,20.000 €,30.06.2025,,,,,28.09.2024,
Excelsior Rotterdam,https://www.soccerdonna.de/en/sophie-frankena/profil/spieler_79877.html,20 Sophie Frankena,14.10.2006,,18,,Netherlands,Goalkeeper,10.000 €,30.06.2025,,,,,,
Excelsior Rotterdam,https://www.soccerdonna.de/en/lieke-de-with/profil/spieler_47234.html,2 Lieke de With,03.09.2003,Gorinchem,21,,Netherlands,Defence,15.000 €,30.06.2025,www.instagram.com/liekedewith_/,01.07.2024,,,30.09.2022,
Excelsior Rotterdam,https://www.soccerdonna.de/en/mare-westerink/profil/spieler_100074.html,3 Mare Westerink,21.04.2005,Fijnaart,20,,Netherlands,Defence,20.000 €,30.06.2025,,,,,28.09.2024,
Excelsior Rotterdam,https://www.soccerdonna.de/en/yara-helderman/profil/spieler_62529.html,4 Yara Helderman,06.02.2003,Dordrecht,22,,Netherlands,Defence - Centre Back,20.000 €,30.06.2025,www.instagram.com/yarahelderman/,24.05.2024,,,06.10.2023,
Excelsior Rotterdam,https://www.soccerdonna.de/en/yentl-van-goch/profil/spieler_62455.html,5 Yentl van Goch,01.08.2000,Heinenoord,24,,Netherlands,Defence,18.000 €,30.06.2025,,31.05.2024,,,27.08.2021,
Excelsior Rotterdam,https://www.soccerdonna.de/en/manouh-van-houwelingen/profil/spieler_81135.html,18 Manouh van Houwelingen,29.03.2005,Gouda,20,,Netherlands,Defence,10.000 €,30.06.2025,,,,,02.11.2024,
Excelsior Rotterdam,https://www.soccerdonna.de/en/yasmine-de-jong/profil/spieler_85639.html,19 Yasmine de Jong,02.10.2003,,21,,Netherlands,Defence,15.000 €,30.06.2025,,,,,23.04.2023,
Excelsior Rotterdam,https://www.soccerdonna.de/en/veerle-van-spijk/profil/spieler_90571.html,8 Veerle van Spijk,26.08.2003,’s-Hertogenbosch,21,,Netherlands,Midfield,10.000 €,30.06.2026,www.instagram.com/veerlevanspijk/,20.06.2025,,,15.09.2023,
Excelsior Rotterdam,https://www.soccerdonna.de/en/katelyn-hendriks/profil/spieler_47243.html,10 Katelyn Hendriks,24.03.2003,Numansdorp,22,"1,74",Netherlands,Midfield - Attacking Midfield,20.000 €,30.06.2026,www.instagram.com/katelynhendriks__/,17.06.2025,Katelyn Noëlle Hendriks,right,27.08.2021,
Excelsior Rotterdam,https://www.soccerdonna.de/en/jikke-de-raaff/profil/spieler_84386.html,12 Jikke de Raaff,27.08.2004,Prinsenbeek,20,,Netherlands,Midfield,10.000 €,30.06.2025,,17.06.2024,,,08.09.2023,
Excelsior Rotterdam,https://www.soccerdonna.de/en/nikki-vrij/profil/spieler_100073.html,17 Nikki Vrij,04.07.2004,Alphen aan den Rijn,21,,Netherlands,Midfield,18.000 €,30.06.2025,www.instagram.com/nikki_vrij/,,,,28.09.2024,
Excelsior Rotterdam,https://www.soccerdonna.de/en/lenthe-hardiek/profil/spieler_103682.html,43 Lenthe Hardiek,06.11.2007,,17,,Netherlands,Midfield,15.000 €,30.06.2026,,20.06.2025,,,28.09.2024,
Excelsior Rotterdam,https://www.soccerdonna.de/en/dana-breewel/profil/spieler_62290.html,7 Dana Breewel,21.06.2002,Woerden,23,,Netherlands,Striker,18.000 €,30.06.2025,,17.06.2024,,,16.09.2022,
Excelsior Rotterdam,https://www.soccerdonna.de/en/shi-jona-martina/profil/spieler_62800.html,11 Shi-jona Martina,14.11.2004,Tilburg,20,"1,61",Netherlands Curacao,Striker,20.000 €,30.06.2025,www.instagram.com/shijona.m/,,Shi-jona Veranda Martina,,28.09.2024,
Excelsior Rotterdam,https://www.soccerdonna.de/en/chelsea-homan/profil/spieler_70636.html,22 Chelsea Homan,14.02.2005,Tiel,20,,Netherlands,Striker,20.000 €,30.06.2025,www.instagram.com/chelseahoman14/,29.05.2024,,,19.03.2023,
Excelsior Rotterdam,https://www.soccerdonna.de/en/estelle-pereira/profil/spieler_93978.html,24 Estelle Pereira,24.09.2005,,19,,Netherlands,Striker,10.000 €,30.06.2025,,,,,10.12.2023,
ADO Den Haag,https://www.soccerdonna.de/en/barbara-lorsheijd/profil/spieler_2704.html,1 Barbara Lorsheijd,26.03.1991,Den Haag,34,"1,73",Netherlands,Goalkeeper,20.000 €,30.06.2025,,06.08.2024,,,01.10.2009,
ADO Den Haag,https://www.soccerdonna.de/en/isa-grimmius/profil/spieler_63214.html,16 Isa Grimmius,30.03.2004,,21,,Netherlands,Goalkeeper,10.000 €,30.06.2025,,29.07.2024,,,29.05.2022,
ADO Den Haag,https://www.soccerdonna.de/en/bo-vonk/profil/spieler_38780.html,2 Bo Vonk,28.03.2000,Sassenheim,25,,Netherlands,"Defence - Fullback, right",20.000 €,30.06.2025,,15.07.2024,,,21.12.2018,
ADO Den Haag,https://www.soccerdonna.de/en/cato-pijnacker-hordijk/profil/spieler_71550.html,4 Cato Pijnacker Hordijk,12.11.2002,Den Haag,22,,Netherlands,Defence,20.000 €,30.06.2025,,22.07.2024,,,01.04.2022,
ADO Den Haag,https://www.soccerdonna.de/en/pleun-raaijmakers/profil/spieler_23094.html,6 Pleun Raaijmakers,15.04.1997,Oirschot,28,,Netherlands,Defence,15.000 €,30.06.2025,,31.05.2024,,,23.08.2019,
ADO Den Haag,https://www.soccerdonna.de/en/june-burgers/profil/spieler_73334.html,21 June Burgers,23.06.2004,,21,,Netherlands,"Defence - Fullback, right",10.000 €,30.06.2025,,23.09.2024,,,20.05.2022,
ADO Den Haag,https://www.soccerdonna.de/en/cheyenne-van-den-goorbergh/profil/spieler_20584.html,8 Cheyenne van den Goorbergh,06.09.1997,Voorburg,27,,Netherlands,Midfield,20.000 €,30.06.2025,www.instagram.com/cheyennevdgoor,,,,28.09.2024,
ADO Den Haag,https://www.soccerdonna.de/en/iris-remmers/profil/spieler_93979.html,14 Iris Remmers,20.05.2005,Zwijndrecht,20,"1,64",Netherlands,Midfield,20.000 €,30.06.2026,,25.04.2024,Diana Apollonia Remmers,right,14.04.2024,
ADO Den Haag,https://www.soccerdonna.de/en/lauren-glotzbach/profil/spieler_87207.html,18 Lauren Glotzbach,06.12.2003,,21,,Netherlands,Midfield,20.000 €,30.06.2025,,,,,08.10.2023,
ADO Den Haag,https://www.soccerdonna.de/en/quinty-dupon/profil/spieler_62809.html,23 Quinty Dupon,22.07.2005,,19,,Netherlands,Midfield,15.000 €,30.06.2026,,,Quinty Daniëlle Dupon,,03.03.2023,
ADO Den Haag,https://www.soccerdonna.de/en/gina-viehoff/profil/spieler_73200.html,11 Gina Viehoff,06.11.2004,,20,"1,70",Netherlands,Striker - Attacking Midfield,15.000 €,30.06.2025,,,,right,06.05.2022,
ADO Den Haag,https://www.soccerdonna.de/en/vanessa-susanna/profil/spieler_29981.html,12 Vanessa Susanna,29.07.1997,Tilburg,27,"1,70",Aruba Netherlands,Striker - Right Wing,unknown,?,www.instagram.com/vanessasusanna/,,Vanessa Haydee Lisanne Susanna,right,18.09.2022,
ADO Den Haag,https://www.soccerdonna.de/en/jill-van-den-ende/profil/spieler_64187.html,15 Jill van den Ende,16.03.2004,,21,,Netherlands,Striker - Left Wing,15.000 €,30.06.2025,www.instagram.com/jill_0174/,,Jill Sabina Maria van den Ende,,10.02.2023,
ADO Den Haag,https://www.soccerdonna.de/en/victoria-boerboom/profil/spieler_74023.html,19 Victoria Boerboom,18.05.2007,,18,,Netherlands,Striker,15.000 €,?,,,Victoria Paula Sofia Boerboom,,06.10.2024,
ADO Den Haag,https://www.soccerdonna.de/en/anne-van-egmond/profil/spieler_83872.html,24 Anne van Egmond,27.04.2004,,21,,Netherlands,Striker,15.000 €,30.06.2025,,23.09.2024,,,15.09.2023,
ADO Den Haag,https://www.soccerdonna.de/en/floortje-bol/profil/spieler_103745.html,35 Floortje Bol,12.03.2007,,18,,Netherlands,Striker,20.000 €,30.06.2026,,24.01.2025,,,20.10.2024,
NAC Breda,https://www.soccerdonna.de/en/nikki-de-haan/profil/spieler_47242.html,Nikki de Haan,07.08.2003,Vlijmen,21,,Netherlands,Goalkeeper,unknown,?,,10.06.2023,,,,
NAC Breda,https://www.soccerdonna.de/en/floor-oussoren/profil/spieler_87493.html,Floor Oussoren,24.02.2003,,22,,Netherlands,Goalkeeper,unknown,?,,,,,,
NAC Breda,https://www.soccerdonna.de/en/donna-van-der-meulen/profil/spieler_99819.html,Donna van der Meulen,-,,-,,Netherlands,Goalkeeper,unknown,?,,,,,,
NAC Breda,https://www.soccerdonna.de/en/lieve-mol/profil/spieler_100349.html,Lieve Mol,-,Brielle,-,,Netherlands,Defence,unknown,?,,,,,,
NAC Breda,https://www.soccerdonna.de/en/elaine-fertoute/profil/spieler_100348.html,Elaine Fertoute,-,,-,,Netherlands,Defence,unknown,?,,,,,,
NAC Breda,https://www.soccerdonna.de/en/minke-goutier/profil/spieler_100239.html,Minke Goutier,24.05.2007,Breda,18,,Netherlands,Defence,unknown,?,,,,,,
NAC Breda,https://www.soccerdonna.de/en/fleur-mol/profil/spieler_73992.html,Fleur Mol,02.07.2002,Roosendaal,23,,Netherlands,"Defence - Fullback, left",unknown,?,,,,,,
NAC Breda,https://www.soccerdonna.de/en/lynn-verhoef/profil/spieler_99823.html,Lynn Verhoef,23.10.2005,,19,"1,86",Netherlands,Defence - Centre Back,unknown,?,www.lynnverhoef.nl,,,,,
NAC Breda,https://www.soccerdonna.de/en/ela-yetim/profil/spieler_87625.html,Ela Yetim,11.09.2007,,17,"1,61",Turkey Netherlands,"Defence - Fullback, left",unknown,?,,,,left,,
NAC Breda,https://www.soccerdonna.de/en/indy-meerding/profil/spieler_99822.html,Indy Meerding,-,Soest,-,,Netherlands,Defence - Centre Back,unknown,?,,,,,,
NAC Breda,https://www.soccerdonna.de/en/kiki-heshof/profil/spieler_99821.html,Kiki Heshof,02.01.2005,,20,,Netherlands,Defence,unknown,?,,,,,,
NAC Breda,https://www.soccerdonna.de/en/nikki-van-den-burg/profil/spieler_99820.html,Nikki van den Burg,-,,-,,Netherlands,Defence,unknown,?,,,,,,
NAC Breda,https://www.soccerdonna.de/en/isa-warps/profil/spieler_96826.html,Isa Warps,03.06.2005,Veldhoven,20,,Indonesia Netherlands,Midfield,unknown,?,,,Isa Guusje Warps,,,
NAC Breda,https://www.soccerdonna.de/en/mila-cober/profil/spieler_100235.html,Mila Cober,-,,-,,Netherlands,Midfield,unknown,?,,,,,,
NAC Breda,https://www.soccerdonna.de/en/merle-zieleman/profil/spieler_100056.html,Merle Zieleman,-,,-,,Netherlands,Midfield,unknown,?,,,,,,
NAC Breda,https://www.soccerdonna.de/en/eva-nguyen/profil/spieler_99818.html,Eva Nguyen,19.09.2005,,19,,Netherlands,Midfield,unknown,?,,,,,,
NAC Breda,https://www.soccerdonna.de/en/kim-hendriks/profil/spieler_33829.html,Kim Hendriks,19.08.1999,Rotterdam,25,,Netherlands,Midfield,unknown,?,,,,,,
NAC Breda,https://www.soccerdonna.de/en/suus-de-blij/profil/spieler_95839.html,Suus de Blij,-,,-,,Netherlands,Midfield,unknown,?,,,,,,
NAC Breda,https://www.soccerdonna.de/en/kamar-laamouz/profil/spieler_91998.html,Kamar Laamouz,08.06.2004,,21,,Tunisia Netherlands,Midfield,unknown,?,,,,,,
NAC Breda,https://www.soccerdonna.de/en/sarina-heijblom/profil/spieler_64161.html,Sarina Heijblom,29.05.2005,,20,,Netherlands,Midfield,unknown,?,,,,,,
NAC Breda,https://www.soccerdonna.de/en/djenna-de-jong/profil/spieler_58599.html,Djenna de Jong,14.09.2005,,19,"1,60",Netherlands Morocco,Midfield,unknown,?,,,Djenna Teddy Victory de Jong,both,,
NAC Breda,https://www.soccerdonna.de/en/stephanie-coelho-aurelio/profil/spieler_44530.html,Stephanie Coelho Aurélio,12.11.2000,Vlaardingen,24,,Netherlands,Midfield,unknown,?,,07.06.2023,,,,
NAC Breda,https://www.soccerdonna.de/en/brigitte-franken/profil/spieler_83871.html,Brigitte Franken,-,,-,,Netherlands,Striker,unknown,?,,,,,,
NAC Breda,https://www.soccerdonna.de/en/cacharel-promes/profil/spieler_70572.html,Cacharel Promes,21.12.2005,,19,"1,65",Netherlands Suriname,Striker,unknown,?,,,Cacharel Giomara Promes,,,
NAC Breda,https://www.soccerdonna.de/en/anouk-versluijs/profil/spieler_100236.html,Anouk Versluijs,-,,-,,Netherlands,Striker,unknown,?,,,Anouk Olivia Versluijs,,,
NAC Breda,https://www.soccerdonna.de/en/july-schneijderberg/profil/spieler_59346.html,July Schneijderberg,03.05.2002,,23,,Netherlands,Striker,unknown,?,www.instagram.com/julyschneijderberg/,03.06.2023,,,,
